id,en,zh,info,info_zh
1,HP Regen,生命值回復,Your wounds heal more quickly.,你的傷口會癒合得更快。
3,Critical Hits,爆擊,You have a way of landing that perfect strike.,你對做出完美一擊有特別的辦法。
4,Mana Regen,魔力回復,Your mana recovers more quickly.,你的魔力恢復得更快。
5,Gold Bonus,金幣加成,You have a way of finding that extra coin.,你對發現額外的金幣有特別的辦法。
6,EXP Step,"經驗同""步""",Gain EXP while walking.,
16,Mana Step,"魔力同""步""",You recover by moving. Your player will recover mana while walking.,你在移動間恢復。你的角色將在你行走時恢復魔力值。
18,HP Step,"生命同""步""",Regain HP while walking,
32,Beast Mode,野獸模式,Your stats increase as you defeat animals of the wild. (Increases by 10% per animal defeated resulting in a 20% buff to stats when active),
33,Dragon Slayer,屠龍者,Your stats increase as you defeat dragons. (Increases by 10% per dragon defeated resulting in a 20% buff to stats when active),
34,Battle Dance,戰鬥之舞,25% chance per stat to boost a stat.,
35,Bleed,放血,Attack with a good chance of a critical hit. May cause bleeding.,攻擊有不錯的機率造成爆擊。可能會造成流血狀態。
36,Bolt,魔法箭,Deals light magic damage.,造成輕微的魔法傷害。
37,Charge,衝鋒,"Hurl your body into the enemy, causing extra damage.",用你的身體衝撞敵人，造成額外傷害。
38,First Aid,急救,Recover 100 health points.,恢復100點生命值。
39,Flame,火焰,Deals light fire damage.,造成輕微的火焰傷害。
40,Frost,冰凍術,Deals light ice damage.,造成輕微的冰凍傷害。
41,Heal,治療術,Recovers 100 HP,
42,Lunge,突刺,Run at your enemy with your weapon extended for a 50% critical chance.,
43,Poisonstrike,毒藥之擊,Attack with a chance of causing poison.,攻擊有機會造成中毒狀態。
44,Slash,斬擊,Deals extra damage and may cause bleeding.,造成額外的傷害且可能導致流血狀態。
45,Spark,星火術,Deals light lightning damage.,造成輕微的雷電傷害。
46,Tremor,地顫術,Deals light earthen damage.,造成輕微的土系傷害。
47,Burn,焚燒,Sets an opponent ablaze.,使對手進入燃燒狀態。
48,Drain,生命吸取,Drains a moderate amount of health.,吸取中等數值的生命值。
49,Earthstrike,大地之擊,Attack the enemy with earthen power.,用大地之力攻擊敵人。
50,Fire Arrow,火之箭,Light an arrow aflame and attack the enemy. 25 percent chance to cause an opponent to burn.,點燃一支箭攻擊敵人，有25%的機率使對手進入燃燒狀態。
51,Firestrike,火焰之擊,Light your weapon aflame and attack the enemy.,點燃你的武器並攻擊敵人。
52,Flame II,火焰術 II,Deals moderate fire damage.,造成中等的火系傷害。
53,Freeze,冰凍術,Freezes an opponent.,使對手進入冰凍狀態。
54,Frost II,冰凍術 II,Deals moderate ice damage.,造成中等的冰系傷害。
55,Great Heal,強效治療術,Recover 250 health points.,恢復250點生命值。
56,Ice Arrow,冰之箭,Freeze an arrow and attack the enemy. 25% chance to freeze an opponent.,
57,Icestrike,冰凍之擊,Freeze your weapon and attack the enemy.,冰凍你的武器並攻擊敵人。
58,Lightningstrike,閃電之擊,Electrify your weapon and attack the enemy.,讓你的武器帶電並攻擊敵人。
59,Magic Boost,魔法增幅,Boosts magic power.,提高魔法攻擊力。
60,Magic Shield,魔法盾,Boosts resistance.,提高魔法防禦力。
61,Poison,下毒,"90% chance to poison an enemy, causing 5% damage per turn.  NOTE: The in-game description is incorrect. The actual damage is 2% per turn.",
62,Protection,保護,Boosts physical defense.,提高物理防禦。
63,Quake,地震術,Deals great earthen damage.,造成巨大的土系傷害。
64,Shock,電擊,Paralyzes an opponent.,使對手進入麻痺狀態。
65,Smoke Bomb,煙霧彈,"Attempt to blind an enemy, making them more likely to miss attacks.",嘗試使對手目盲，使他們更有機會攻擊失誤。
66,Spark II,星火術 II,Deals moderate lightning damage.,造成中等的電系傷害。
67,Warcry,戰吼,Boosts attack power.,提高物理攻擊能力。
68,Barrier,屏障術,Has a good chance to boost physical and magical defenses.,有不錯的機會可以提高物理以及魔法防禦。
69,Blizzard,暴風雪,Deals great ice damage.,造成巨大的冰系傷害。
70,Darkstrike,黑暗之擊,Imbue your weapon with the occult and attack the enemy.,讓超自然的力量滲入你的武器並攻擊敵人。
71,Doublecut,二連擊,"Swiftly attack twice, dealing up to double damage.",快速攻擊兩次，造成雙倍傷害。
72,Exploit,剝削,Decreases the opponents physical defense.,降低對手的物理防禦。
73,Flurry,亂舞,"Bombard your opponent with multiple arrows, possibly breaking their defenses in the act.",用眾多的箭矢轟擊對手，可能會破壞他們的物理防禦力。
74,Holystrike,神聖之擊,Purify your weapon and attack the enemy.,淨化你的武器並且攻擊敵人。
75,Meteor,隕石術,Deals great fire damage.,造成巨大的火系傷害。
76,Mute,沉默術,Decreases the opponents magic power.,降低對手的魔法攻擊力。
77,Osmostrike,滲透攻擊,"Attack, healing yourself in the process.",攻擊，在過程中治療自身。
78,Outwill,威嚇,Decreases the opponents resistance.,降低對手的魔法防禦力。
79,Protection II,保護 II,Greatly boosts physical defense.,大大的提高物理防禦。
81,Sleep Dart,睡眠飛鏢,Throw a dart with the chance to cause an opponent to fall asleep (75% chance).,
82,Speed,加速術,Boosts dexterity.,提高敏捷屬性。
83,Storm,風暴術,Deals great lightning damage.,造成巨大的電系傷害。
84,Stun Dart,擊昏飛鏢,Throw a dart with the chance to stun an opponent (90% chance).,
85,Threaten,脅迫,Decrease the opponent's attack power.,
86,Cataclysm,災變術,"Unstable magic that can deal massive earthen damage, but may damage or stun its caster.",
87,Fulmination,雷鳴術,"Unstable magic that can deal massive lightning damage, but may damage or paralyze its caster.",不穩定的魔法，可以造成巨量的電系傷害，但可能會傷害或是使其施法者獲得麻痺的負面狀態。
88,Glacier,冰河術,"Unstable magic that can deal massive ice damage, but may damage or freeze its caster.",不穩定的魔法，可以造成巨量的冰系傷害，但可能會傷害其施法者。
89,Faith,信仰心,Deals great holy damage.,造成巨大的神聖傷害。
90,Inferno,煉獄術,"Unstable magic that can deal massive fire damage, but may damage or burn its caster.",不穩定的魔法，可以造成巨量的火系傷害，但可能會傷害其施法者。
91,Magic Shield II,魔法盾 II,Greatly boosts resistance.,大大的提高魔法防禦力。
92,Nightmare,夢魘術,Deals great dark damage.,造成大量的黑暗傷害。
93,Omnistrike,融合之擊,Strike hard with the chance of weakening your opponent's attack or defenses.,猛烈的一擊，有可能削弱對手的攻擊力或防禦力。
94,Tricut,三連擊,"Swiftly attack thrice, dealing up to triple damage.",快速的攻擊三次，造成至多三次傷害。
95,Bear's Might,巨熊的力量,Summon the power of a great bear. Greatly boosts attack power at the expense of your defenses.,召喚巨熊之力。以犧牲物防與魔防為代價，顯著的提高物理攻擊力。
96,Blightstrike,枯萎之擊,Strike hard with the chance of causing blight.,猛烈的一擊，有機會造成枯萎狀態。
97,Dragon Breath,龍息術,"Breath of a dragon. (Chance to inflict Blight, Fire Damage)",
98,Flare,閃焰術,Deals great dragon damage.,造成巨大的龍系傷害。
99,Blast,爆破,Deals moderate non-elemental damage with the potential to hinder an opponent's attack power.,造成中等程度的非元素傷害，有可能降低對手的物理攻擊力。
100,Flare II,閃焰術 II,"Unstable magic that can deal greater dragon damage, but may damage its caster.",不穩定的魔法，可以造成巨量的龍系傷害，但可能會傷害其施法者。
101,Golem's Fortitude,魔像的堅韌,Summon the power of a golem. Greatly boosts defenses at the expense of attack power.,
102,Jinn's Talent,精靈的天賦,Summon the power of a jinn. Greatly boosts magic power at the expense of your defenses.,召喚精靈的能力。以犧牲物防與魔防為代價，顯著的提高魔法攻擊力。
103,Mimic's Mischief,寶箱怪的惡作劇,Summon a mimic. Beware.,召喚寶箱怪。小心嚕。
105,Wyvern Speed,飛龍之速,"Move like a dragon, potentially improving dex or magic power.",像龍一樣移動，有機率增加敏捷或魔法攻擊力。
106,Wisp's Heal,幽光療術,Recovers 300 health points and cure common statuses.,
107,Wyvern's Wrath,飛龍之怒,Summons a wyvern to swiftly attack twice. May cause blight.,召喚一隻飛龍，快速攻擊兩次。可能會造成枯萎狀態。
108,Blast II,爆破 II,Deals great non-elemental damage with the potential to hinder an opponent's attack power.,造成巨大的無屬性傷害，有機率降低對手的物理攻擊力。
109,Sorrow,嘆息之靈,Deals damage according to the amount of beasts one has recently slain.,根據最近擊殺的野獸數量造成傷害。
110,Spark III,星火術 III,Deals extra lightning damage to those weak against it.,對雷系弱點造成額外的傷害.
111,Tremor II,地顫術 II,Deals moderate earthen damage.,造成中等的土系傷害。
112,Tremor III,地顫術 III,Deals extra earthen damage to those weak against it.,對土系弱點造成額外的傷害.
113,Imbue Lightning,雷電賦予,Imbues your weapon with the power of lightning.,使武器附加雷的能量。
114,Imbue Ice,冰霜賦予,Imbues your weapon with the power of water & ice.,使武器附加冰的能量。
115,Imbue Fire,火炎賦予,Imbues your weapon with the power of fire.,使武器附加火的能量。
116,Imbue Earth,大地賦予,Imbues your weapon with the power of earth.,
117,Frost III,冰凍術 III,Deals extra ice damage to those weak against it.,對冰系弱點造成額外的傷害.
118,Flame III,火焰術 III,Deals extra fire damage to those weak against it.,對火炎弱點造成額外的傷害.
119,Dispel,痊癒,Cures most status ailments.,治療大多數異常狀態.
120,Break Power,破壞力,Deals damage proportional to the physical attack potential of an opponent,
121,Bright Star,閃耀之星,"Summon a bright star, with a chance of blinding your opponent.",
122,Shooting Star,流星,"Summon a mighty star, with a chance of blinding or burning your opponent.",
123,Faith II,信仰心 II,Deals great holy damage.,造成巨大的神聖傷害。
124,Lightning Wall,雷電防壁,Grants protection against the power of lightning.,獲得對雷炎攻擊的防護.
125,Earthen Wall,大地防壁,Grants protection against the power of earth.,
126,Fire Wall,烈火防壁,Grants protection against the power of fire.,獲得對火炎攻擊的防護.
127,Ice Wall,冰霜防壁,Grants protection against the power of water & ice.,獲得對水及冰系攻擊的防護.
128,Holy Light,聖光術,Deals holy damage and recovers a percentage of damage dealt.,造成神聖屬性傷害並從中回復一個百分比的生命.
129,Miracle,奇蹟術,Recover 250 health points and temporarily boost defenses.,回復250生命值並暫時提升防禦力.
130,Comet,彗星,"Summon a frozen comet, with the chance of freezing your opponent.",召喚一個冷冽的彗星，有機會凍結對手。
131,Supernova,超新星爆發,"Unstable cosmic magic that can deal immense damage, but may damage or stun its caster.","能造成巨量傷害的星系魔法,但有可能讓施放者受傷或暈眩."
132,Dragonslayer,屠龍者,Deals greater damage to Dragons,
133,Full Bend,全力猛擊,"Loose an arrow with great might, breaking an opponent's defense while causing critical damage.",
134,Arrowstorm,箭雨,Bombard your opponent with many arrows.,用很多的弓箭轟炸對手.
135,Dark Wall,黑暗之壁,Grants protection against dark magic.,獲得對抗黑暗魔法的防禦。
136,Prism Wall,四方防壁,Grants protection against all 4 basic elements.,獲得對4種基本屬性的防護.
137,Holy Wall,神聖防壁,Grants protection against holy magic.,獲得對神聖魔法的防護.
138,Spellbreaker,法術破壞者,Deals damage proportional to the magic potential of an opponent,
139,Remedy,解救,Cures basic status ailments.,治療基本的異常狀態.
140,Berserk,狂暴,"Greatly boosts total damage, but damages oneself over time.","大幅提升傷害,但會造成自損."
141,Berserk II,狂暴 II,"Boosts all stats, but take considerable damage over time.","提升所有身體素質,但會造成頗大的自損."
142,Desperation,破釜沉舟,Deals damage proportional to damage one has taken,
143,Mighty Charge,蠻力衝鋒,"Charge an opponent with all of your might, taking some damage in the process.","用你的蠻力衝撞對手,過程中會受點小傷."
145,Eternal Light,永恆之光,"You forever emit a radiant light, raising your stats over time.",你會一直散發出明亮的光芒，隨著現實時間的推移而提高各項屬性。
146,Darkstrike II,黑暗之擊 II,Imbue your weapon with the occult and attack the enemy.,讓超自然的力量滲入你的武器並攻擊敵人。
147,Earthstrike II,大地之擊 II,Attack the enemy with earthen power.,用大地之力攻擊敵人。
148,Firestrike II,火焰之擊 II,Light your weapon afire and attack the enemy,
149,Holystrike II,神聖之擊 II,Purify your weapon and attack the enemy,
150,Icestrike II,冰凍之擊 II,Freeze your weapon and attack the enemy,
151,Lightningstrike II,閃電之擊 II,Electrify your weapon and attack the enemy,
152,Omnistrike II,融合之擊 II,Strike hard with the chance of weakening your opponent's attack or defenses.,猛烈的一擊，有可能削弱對手的攻擊力或防禦力。
153,Osmostrike II,滲透攻擊 II,"Attack, healing yourself in the process",
154,Mystic Feather,秘術羽毛,Your chance to dodge attacks increases as damage is taken,
155,Second Chance,第二次機會,50% chance to escape falling in battle,
156,Mana Siphon,魔力虹吸,There is a high chance that a skill or spell cast may not consume mana.,有很高的機率在使用技能或是法術的時候不需要消費魔力值。
157,Multi-flame,多重火焰,Deals moderate fire damage thrice.,造成中等的火屬傷害三次。
158,Multi-frost,多重寒霜,Deals moderate ice damage thrice.,造成中等的冰屬傷害三次。
159,Multi-spark,多重星火術,Deals moderate lightning damage thrice.,造成中等的雷屬傷害三次。
160,Multi-tremor,多重地顫,Deals moderate earthen damage thrice.,造成中等的地屬傷害三次。
161,Horizontal Slash,水平斬,"Attack from the side, cutting an opponent's defenses and giving Ward for 1 turn.",從側面進攻，削減對手的物理防禦力，且給予1回合的護盾次數。
162,X Slash,X 斬擊,"Swiftly attack twice, cutting an opponent's attack power and causing bleed.",快速的攻擊兩次，削減對手的物理攻擊力且造成流血狀態。
163,Riposte,回擊,A perfect counterattack.  Temporarily boosts your offense and defense and gives Ward for 1 turn.,
164,Swordplay,劍擊,"Attack multiple times, changing the course of the battle.  It may cause multiple buffs and debuffs.",
165,Quick Attack,快速攻擊,"Attack quickly, dealing more or less damage.  An opponent may be stunned or blinded by your strike.",
166,Arcana,秘儀術,Deals light arcane damage.,造成輕微的奧術傷害。
167,Arcana II,秘儀術 II,Deals moderate arcane damage.,造成中等的奧術傷害。
168,Arcanus,大秘儀術,"Unstable magic that can deal massive arcane damage, but may damage its caster.",不穩定的魔法，可以造成巨量的奧術傷害，但可能會傷害其施法者。
169,Sleep,睡眠,Causes an opponent to fall asleep,
170,Petrify,石化術,90 percent chance to petrify an opponent.,90%的機率對對手造成石化狀態。
171,Mindblast,心靈震爆,25 percent chance per stat to decrease an opponent's stat.,25%機率降低對手的所有屬性。
172,Annwn Fury,安溫之怒,"Release the arcane hidden powers of Annwn, the promised land.  Requires 3 turns in battle.",
173,Arcane Strikes,奧術連擊,Attacking thrice with unrelenting arcane energy.  Requires 2 turns in battle.,
174,Coup de Grace,人道毀滅,Perform the perfect strike at the perfect time. This attack never misses but requires 3 turns in battle.,
175,Cyclone,旋風斬,"Attack your opponent while spinning, inflecting damage thrice.  Your opponent may become stunned.",
176,Double Edge,雙面刃,"Attack without care, dealing critical damage to your opponent while taking self damage.",隨意的攻擊，對對手造成爆擊同時對自身造成傷害。
177,Dragon's Vengeance II,龍的復仇 II,Deals immense damage according to the amount of dragons one has recently conquered. Requires 2 turns in battle.,根據最近戰勝的龍類生物數量造成巨量傷害。在戰鬥中需要兩回合發動。
178,Sorrow II,嘆息之靈 II,Deals immense damage according to the amount of beasts one has recently slain. Requires 2 turns in battle.,根據最近擊殺的野獸數量造成巨量傷害。在戰鬥中需要兩回合發動。
179,Sorrow III,嘆息之靈 III,Deals damage multiple times according to the amount of beasts one has recently slain. Requires 3 turns in battle.,根據最近擊殺野獸類怪物的數量造成多次傷害。施放需要三回合。
180,Wail,吼叫,A paralyzing wail that has a chance to greatly reduce an opponent's resistance.,
181,Storm II,風暴術 II,Deals great lightning damage,
182,Bloodlust,嗜血,Greatly boosts attack power.,大大的提高物理攻擊力。
183,Quasar,隕星術,Starlord summons the power of the cosmos to destroy you. Chance to stun and blind. Requires 2 turns in battle.,
184,Nightmare II,夢魘術 II,Deals great dark damage.,造成大量的黑暗傷害。
185,Focus,專注,Boosts physical and magic power.,
186,Dragon's Vengeance,龍的復仇,Deals damage according to the amount of dragons one has recently conquered.,根據最近戰勝的龍類生物數量造成傷害。
187,Power of the Gods,眾神之力,Your stats increase as you hunt and defeat bosses in the world.,你的屬性數值將隨著你擊倒這個世界頭目們而增加。
188,Steadfast,堅定不移,You are less likely to be afflicted with a status condition,
189,Recharge,充能 I,Landing a critical hit will restore HP and mana.,爆擊時將會回復生命值與魔力值。
190,Life Siphon,生命虹吸,You often recover HP as you deal damage to an opponent,
191,Blast III,爆破 III,Deals great non-elemental damage with the potential to hinder an opponent's attack power.  Requires 2 turns in battle.,
192,Great Mimic's Mischief,大寶箱怪的惡作劇,Summon a great mimic. Beware.,召喚大寶箱怪。小心嚕。
193,Wisp's Heal II,幽光療術 II,Recover 1000 health points and cure common statuses.,回復 1000 生命值，並解除常見的負面狀態。
194,Wyvern's Wrath II,飛龍之怒 II,Summons a wyvern to swiftly attack thrice.  May cause blight.,
195,Cockatrice Breath,雞蛇吐息,"Breath of a cockatrice, possibly inflicting blight, poison, or petrification.",雞蛇的呼氣，可能造成枯萎，中毒或石化狀態。
196,Tiamat's Breath,迪亞馬特的吐息,Breath of the mighty Tiamat.  Requires 3 turns in battle.,
197,Firestrike III,火焰之擊 III,Light your weapon aflame and attack the enemy.,點燃你的武器並攻擊敵人。
198,Icestrike III,冰凍之擊 III,Freeze your weapon and attack the enemy,
199,Earthstrike III,大地之擊 III,Attack the enemy with earthen power.,用大地之力攻擊敵人。
200,Lightningstrike III,閃電之擊 III,Electrify your weapon and attack the enemy.,讓你的武器帶電並攻擊敵人。
201,Darkstrike III,黑暗之擊 III,Imbue your weapon with the occult and attack the enemy.,讓超自然的力量滲入你的武器並攻擊敵人。
202,Holystrike III,神聖之擊 III,Purify your weapon and attack the enemy,
203,Osmostrike III,滲透攻擊 III,"Attack, healing yourself in the process.",攻擊，在過程中治療自身。
204,Omnistrike III,融合之擊 III,Strike hard with the chance of weakening your opponent's attack or defenses.,猛烈的一擊，有可能削弱對手的攻擊力或防禦力。
205,Arcane Strikes II,奧術連擊 II,Attacking thrice with the unrelenting arcane energy.  Requires 3 turns in battle.,
206,Fireball,火球術,Balor Elite summons a Fireball to destroy you.  Chance to burn and blight.,
207,Annihilation,死滅一擊,Very strong attack with chance to burn and blind.  Requires 2 turns in battle.,
208,King's Reign,王之統治,Extremely powerful magic attack of Fallen King Arthus.  Requires 2 turns in battle.,
209,Crest of Avalon,阿瓦隆的紋章,Your stats increase as you defeat berserk or arisen monsters.  (Increases by 10% per berserk or arisen defeated),
210,Quake III,地震術 III,Deals great earthen damage.  Chance to stun.,
211,Catastrophe,大災禍,Titan's strong attack with a chance to freeze and cause sleep.  Requires 2 turns in battle.,
212,Stone Stare,石化凝視,Debuff spell of Titan.,
213,Onslaught,猛攻,Strike twice with the chance to greatly reduce an opponent's defenses.,
214,Jump,躍起,"Jump high and attack your opponent from the air, possibly breaking their offensive power upon landing. Gives Ward for 2 turns and requires 2 turns in battle.",一躍而起，從空中攻擊你的對手，著陸時可能破壞他們的物理攻擊力。 給予2回合的護盾次數，且戰鬥中需要2回合才能發動。
215,Multi-flare,多重閃焰術,Deals moderate dragon damage thrice.,造成三次中等的龍系傷害。
216,Blightstrike II,枯萎之擊 II,Strike hard with the chance of causing blight.,猛烈的一擊，有機會造成枯萎狀態。
217,Wyvern Speed II,飛龍之速 II,"Move like a dragon, potentially improving dex, attack, and magic power.",像龍一樣移動，有機率增加敏捷、物理或魔法攻擊力。
218,Dragon's Vengeance III,龍的復仇 III,Deals damage multiple times according to the amount of dragons one has recently slain. Requires 3 turns in battle.,根據最近擊殺龍類怪物的數量造成多次傷害。施放需要三回合。
219,Shadow,暗影擊,Deals moderate dark damage.,造成中等的黑暗傷害。
220,Shadow II,暗影擊 II,Deals greater dark damage.,造成較多的黑暗傷害。
221,Fulmination II,雷鳴術 II,"Unstable magic that can deal massive lightning damage, but may damage or paralyze its caster. Requires 3 turns in battle",
222,Inferno II,煉獄術 II,"Unstable magic that can deal massive fire damage, but may damage or burn its caster. Requires 3 turns in battle",
223,Glacier II,冰河術 II,"Unstable magic that can deal massive ice damage, but may damage or freeze its caster. Requires 3 turns in battle",
224,Cataclysm II,災變術 II,"Unstable magic that can deal massive earthen damage, but may damage or cause its caster to rot. Requires 3 turns in battle",
225,Bite,咬,Orthrus pet ability.,
226,Scratch,抓,Beastly scratch that may cause an opponent to bleed.,
227,Song of Power,力量之歌,Boosts attack power while potentially decreasing an opponent attack power.,提升物理攻擊並有機會降低對手的物理攻擊力.
228,Song of Magic,魔力之歌,Boosts magic power while potentially decreasing an opponent magic power.,提升魔法攻擊力並有機會降低對手的魔法攻擊力.
229,Song of Defense,防禦之舞,Boosts defenses while potentially decreasing an opponent's physical defenses.,提高物理防禦力，同時有可能降低對手的物理防禦力。
230,Warrior's Dance,勇士之舞,"Swiftly attack thrice, dealing random damage and potentially blinding or stunning an opponent.",神速的連擊3次並有機會致盲或暈眩對手.
231,Mage's Dance,法師之舞,Deals random non-elemental damage with the potential to cause negative status effects.,造成無屬性法術傷害並有機會造成對手負面狀態異常.
232,Song of Resistance,抵抗之舞,Boosts magic defenses while potentially decreasing an opponent's magic defenses.,提升魔法防禦力並有機會降低對手的魔法防禦力.
233,Anthem of Avalon,阿瓦隆頌詩,"Potentially boosts attack, magic, defenses, and resistance while potentially decreasing opponent stats.",
234,Rebuke,斥責,Possibly greatly hinder an opponent's magical prowess temporarily (50% chance).,
235,Blessed Shield,祝福之盾,Temporarily greatly increases defense and resistance.,暫時大幅提升物理及魔法防禦力.
236,Cleanse,淨化,Cures most status ailments and temporarily boosts defense and resistance.,治療大多數的異常狀態並暫時提升物理及魔法防禦.
237,Inquest,集中,Temporarily greatly increases critical hit rate.,暫時大幅提升暴擊機率.
238,Smite,重擊,"Purify your weapon and attack the enemy with great force, blinding and stunning them. Requires 2 turns in battle.",淨化你的武器，並用強大的力量攻擊敵人，使他們目盲與暈眩。在戰鬥中需要兩回合發動。
239,Drain II,生命吸取 II,Drains a moderate amount of health.,吸取中等數值的生命值。
240,Blizzard II,暴風雪 II,Deals great ice damage.,造成巨大的冰系傷害。
241,Great Meditation,崇高冥想,Immensely boosts magic power for a limited time. Requires 3 turns in battle.,短時間內巨幅提升魔法攻擊力.需要三回合施放.
242,Distortion,扭曲術,A skill that causes a myriad of debuffs and grants the user some buffs.,
243,Meteor II,隕石術 II,Deals great fire damage.,造成巨大的火系傷害。
244,Sidesteps,迷蹤步,"Trade defense for footwork, decreasing an opponent's dexterity while raising one's own.","捨棄防禦來提升腳力,降低對手敏捷的同時提升自身敏捷."
245,Beastslayer,野獸殺手,Loose a debilitating dart to conquer a beast. Deals great damage to beasts of the wild.,投出必殺的飛鏢來解決野獸.對野獸造成巨大的傷害.
246,Putrid Breath,腐爛吐息,"Naggeneen feels ill, then throws up on you giving you the Toxic status.",
247,Toxicstrike,劇毒之擊,Naggeneen used Toxicstrike. Chance to apply Toxic.,
248,The Magus,賢者,Spells cost 25% less mana.,
249,Unrelenting Fury,不屈怒擊,"The user becomes angry and attacks the next turn. Chance to stun, cause bleeding, lower defense, and raise the user's attack.",
250,Crest of Annwn,安溫的紋章,Your stats increase as you defeat Balor and Fomorian forces.  (Increases by 10% per Balor or Fomorian defeated),
251,Scout Weakness,弱點觀測,Boosts critical hit rate.,增加暴擊機率.
252,Hubris,傲慢,"Temporarily increases attack, magic, defense and resistance.",
253,Apocalypse,終焉降臨,?,
254,Greed,貪婪,-,
255,Envy,嫉妒,Deals arcane damage and may cause curse.,造成奧術傷害且有可能造成詛咒異常狀態。
256,Despair,絕望,Deals great arcane damage.,造成巨大的奧術傷害。
257,Pierce,穿刺,"Attack with the point of your weapon, potentially temporarily lowering an opponent's defenses.",用武器的尖端進行攻擊，可能會暫時降低對手的防禦能力。
258,Cure Bleeding,治療流血,Cures its user of bleeding.,治療施術者的流血狀態。
259,Cure Blindness,治療目盲,Cures its user of being blinded.,治療施術者的目盲狀態。
260,Cure Burn,治療燃燒,Cures its user of burning.,治療施術者的燃燒狀態。
261,Cure Frozen,治療冰凍,Cures its user of being frozen.,治療施術者的冰凍狀態。
262,Cure Paralysis,治療癱瘓,Cures its user of being paralyzed.,治療施術者的麻痺狀態。
263,Cure Poison,治療中毒,Cures its user of poison.,治療施術者的中毒狀態。
264,Foresee,預知術,Temporarily increases magic defense and gives Ward for 1 turn.,暫時增加魔法防禦力，並且給予一回合的護盾次數。
265,Guard,守衛術,Temporarily increases physical defense and gives Ward for 1 turn.,暫時性的增加物理防禦，並且給予一回合的護盾次數。
266,Pommel Strike,劍柄攻擊,"Strike an enemy with the hilt of a weapon, increasing the chance to stun.",用武器的柄重擊敵人，增加擊暈的機率。
267,Ponder,沉思術,Temporarily increases magic power.,暫時性的增加魔法攻擊力。
268,Sharpen,磨刀術,Temporarily increases attack power.,暫時性的增加物理攻擊力。
269,Bolt II,魔法箭 II,Deals light magic damage.,造成輕微的魔法傷害。
270,Hack and Slash,砍劈,"Swiftly attack twice, dealing up to double damage.",快速攻擊兩次，造成雙倍傷害。
271,Sap,樹汁術,Deals light earthen damage and drains a small amount of health.,造成輕微的土系傷害，且吸取少量的生命值。
272,Spark IV,星火術 IV,Deals heavy lightning damage.,造成嚴重的電系傷害。
273,Tremor IV,地顫術 IV,Deals heavy earthen damage.,造成嚴重的土系傷害。
274,Arc,弧光,Deals light arcane damage.,造成輕微的奧術傷害。
275,Flame IV,火焰術 IV,Deals heavy fire damage.,造成嚴重的火系傷害。
276,Frost IV,冰凍術 IV,Deals heavy ice damage.,造成嚴重的冰系傷害。
277,Flame V,火焰術 V,Deals massive fire damage.,造成大量的火系傷害。
278,Frost V,冰凍術 V,Deals massive ice damage.,造成大量的冰系傷害。
279,Spark V,星火術 V,Deals massive lightning damage.,造成大量的電系傷害。
280,Tremor V,地顫術 V,Deals massive earthen damage.,造成大量的土系傷害。
281,Dragonstrike,龍襲術,A simple attack that will deal extra damage to dragons.,一種簡單的攻擊，會對龍造成額外傷害。
282,Bandage,繃帶,Recover 50 health points.,恢復50點生命值。
283,Purify,淨化術,Deals moderate holy damage.,造成中等的神聖傷害。
284,Bolt III,魔法箭 III,Deals moderate magic damage.,造成中等的無屬性魔法傷害。
285,Doublecut II,二連擊 II,"Swiftly attack twice, dealing up to double damage.",快速攻擊兩次，造成雙倍傷害。
286,Barrier II,屏障術 II,Boost physical and magical defenses.,提高物理與魔法防禦。
287,Flurry II,亂舞 II,"Bombard your opponent with multiple arrows, possibly breaking their defenses in the act.",用眾多的箭矢轟擊對手，可能會破壞他們的物理防禦力。
288,Tricut II,三連擊 II,"Swiftly attack thrice, dealing up to triple damage.",快速的攻擊三次，造成至多三次傷害。
289,Apothecarist,藥劑師,You are a master of potion efficacy. Healing items will recover 25% more HP and mana.,
290,Charge II,衝鋒 II,"Hurl your body into the enemy, causing extra damage.",用你的身體衝撞敵人，造成額外傷害。
291,Fortify II,強化術 II,Grants Ward for 5 turns.,獲得5回合的護盾次數。
292,Fortify III,強化術 III,Grants Ward for 7 turns.,獲得7回合的護盾次數。
293,Mend Wall II,補牆術 II,Recovers 30% of Ward. Requires 2 turns in battle.,
294,Mend Wall III,補牆術 III,Recovers 50% of Ward. Requires 3 turns in battle.,
295,Rampart II,壁壘術 II,Grants Ward for 1 turn and increases damage absorbtion to 50%.,
296,Magic Arrow,魔法箭矢,Attack with a steady arrow made of magic which may lower an opponent's attack. Damage is based on one's magic stat rather than attack.,用穩定的魔法箭來攻擊，這可能會降低對手的物理攻擊力。 傷害量是基於魔法攻擊屬性而不是物理攻擊屬性。
297,Magic Dagger,魔法匕首,Attack with a sharp dagger made of magic which may cause an opponent to bleed. Damage is based on one's magic stat rather than attack.,用鋒利的魔法匕首攻擊，可能會導致對手流血。 傷害量是基於魔法攻擊屬性而不是物理攻擊屬性。
298,Magic Strikes,魔法連擊,"Swiftly attack thrice, dealing up to triple damage. Damage is based on one's magic stat rather than attack.",迅速攻擊三次，最多造成三倍傷害。傷害量是基於魔法攻擊屬性而不是物理攻擊屬性。
299,Ward of Mythril,秘銀防護,Recovers and grants Ward for 5 turns and increases damage absorption to 75%.,恢復並獲得5回合的護盾次數，並提高傷害吸收比例至75%。
300,Ward of Iron,鐵之防護,Recovers and grants Ward for 2 turns and increases damage absorption to 35%.,恢復並獲得2回合的護盾次數，並提高傷害吸收比例至35%。
301,Rampart,壁壘術,Grants Ward for 1 turn and increases damage absorbtion to 35%.,
302,Magic Hammer,魔法鎚,Attack with a blunt hammer made of magic which may lower an opponent's defense. Damage is based on one's magic stat rather than attack.,用魔法製成的鈍錘攻擊，可能會降低對手的物理防禦力。 傷害量是基於魔法攻擊屬性而不是物理攻擊屬性。
303,Magic Sword,魔法劍,Attack with a sharp sword made of magic which may lower an opponent's magic defense. Damage is based on one's magic stat rather than attack.,用鋒利的魔法劍攻擊，可能會降低對手的魔法防禦力。 傷害量是基於魔法攻擊屬性而不是物理攻擊屬性。
304,Purify II,淨化術 II,Deals greater holy damage.,造成較多的神聖傷害。
305,Rampart III,壁壘術 III,Grants Ward for 2 turns and increases damage absorption to 75%.,
306,Multi-spark II,多重星火術 II,Deals greater lightning magic thrice.,
307,Super Bomb,超級炸彈,Ingenious Cade uses. Damages with chance to stun.,
308,Ward of Steel,鋼之防護,Recovers 10% Ward and grants Ward for 3 turns and increases damage absorption to 50%.,
309,Fortify,強化術,Grants Ward for 3 turns.,獲得3回合的護盾開啟。
310,Perfect Shot,完美射擊,"Loose an arrow that deals paltry damage, but never misses a mark.",放出一發造成輕微傷害，但從不失誤的箭矢。
311,Mend Wall,補牆術,Recovers 10% of Ward.,
312,Ice Affinity,冰屬附掛,Imbues your weapon with the power of water & ice.,使武器附加冰的能量。
313,Earth Affinity,土屬附掛,Imbues your weapon with the power of the earth.,使武器附加土的能量。
314,Fire Affinity,火屬附掛,Imbues your weapon with the power of fire.,使武器附加火的能量。
315,Lightning Affinity,雷屬附掛,Imbues your weapon with the power of lightning.,使武器附加雷的能量。
316,Quadcut,四連擊,"Swiftly attack four times, dealing up to quadruple damage.",快速攻擊四次，最多造成四倍的傷害。
317,Swordplay II,劍擊 II,"Attack multiple times, changing the course of the battle. It may cause multiple buffs and debuffs.",連續攻擊數次，扭轉戰局。 它可能會造成多種增益和減益狀態。
318,Arcane Strikes III,奧術連擊 III,Attack 4 times with unrelenting arcane energy. Requires 3 turns in battle.,以堅定的奧術能量攻擊四次。施放需要三回合。
319,Arcanic Strike,奧術之擊,Attack with unrelenting arcane energy. It will deal especially high damage to those weak against Arcane.,以堅定的奧術能量進行攻擊，針對奧術弱點的對手特別有效。
320,Eternal Light II,永恆之光 II,"You forever emit a radiant light, raising your stats over time.",你會一直散發出明亮的光芒，隨著現實時間的推移而提高各項屬性。
321,Arcane Mastery,奧術精通,"You are a master of Arcane technique. All attacks have a chance to freeze, paralyze, burn or rot an opponent.",
322,Apothecarist II,藥劑師 II,You are a master of potion efficacy. Healing items will recover 50% more HP and mana.,
323,Summon Dead,亡靈之力,Deals damage according to the amount of foes one has recently slain.,根據最近擊殺的敵人數量造成傷害。
324,Summon Dead II,亡靈之力 II,Deals immense damage according to the amount of foes one has recently slain. Requires 2 turns in battle.,根據最近擊殺的敵人數量造成巨量傷害。施放需要兩回合。
325,Multi-shadow,多重暗影術,Deals moderate dark damage thrice.,造成三次中等的黑暗傷害。
326,Forbidden Art,禁術,"Unstable magic that can deal massive non-elemental damage, but may weaken and harm its caster.",
327,Drain III,生命吸取 III,Drains a moderate amount of health.,吸取中等數值的生命值。
328,Forbid,勸架,50% chance to greatly hinder an opponent's attack power.,
329,Nekromancy,招魂術,Your stats increase as you defeat foes.,當你擊敗生物時，你的屬性隨之增加。
330,Ward of Annwn,安溫護盾,Grants Ward for 5 turns and may give elemental resistances.,增加五回合的護盾，並有機率給予元素抗性。
331,Inferno Ward,煉獄護盾,Grants Ward and protection against the power of fire.,獲得護盾及抵抗火炎的保護力。
332,Tidal Ward,海嘯護盾,Grants Ward and protection against the power of water & ice.,獲得護盾及抵抗水與冰的保護力。
333,Terra Ward,大地護盾,Grants Ward and protection against the power of  the earth.,
334,Storm Ward,風暴護盾,Grants Ward and protection against the power of lightning.,獲得護盾及抵抗雷電的保護力。
335,Guarding Strike,防衛打擊,"Attack from a guarding position, giving Ward for 2 turns.",邊防禦邊攻擊，補充兩回合護盾。
336,Ward of Light,光明護盾,"Deals holy damage, recovers Ward, and recovers a percentage of damage dealt.  An opponent may also be blinded from the light. (Recovers 15% of ward and 25% of Damage dealt)",
337,Guarding Strikes,守護連擊,"Attack twice from a guarding position, giving Ward for 2 turns.",邊防禦邊攻擊兩次，補充兩回合護盾。
338,Purifying Strikes,淨化連擊,"Attack with holy might thrice, recovering and giving Ward for 1 turn. (Recovers 5% of Ward)",
339,Divine Bastion,絕對壁壘,Recovers and grants Ward for 5 turns and increases damage absorption to 100%.  Requires 3 turns of battle. (Recovers 50% of total ward.),
340,Jump II,跳躍 II,"Jump high and attack your opponent from the air, possibly breaking their offensive power upon landing.  Gives Ward for 3 turns and requires 2 turns in battle.",
341,Wyrm's Song,飛龍之歌,Boosts critical hit rate permanently and temporarily boosts magic and attack power.,
342,Blightstrike III,枯萎之擊 III,Strike hard with the chance of causing blight.,猛烈的一擊，有機會造成枯萎狀態。
343,Wyvern Strikes,飛龍連擊,"Swiftly attack four times, dealing up to quadruple dragon damage.",快速攻擊四次，最高造成四倍龍屬傷害。
344,Flare III,閃焰術 III,"Unstable magic that can deal massive dragon damage, but may damage its caster.",不穩定的魔法，可以造成巨量的龍系傷害，但可能會傷害其施法者。
345,Chimera's Song,奇美拉之歌,"Summon a blast, representative of the mighty Chimera.  Requires 3 turns in battle, deals massive damage, and burns, poisons, and paralyzes an opponent.",
346,Berserk III,狂暴 III,"Boosts all stats, but take considerable damage over time.","提升所有身體素質,但會造成頗大的自損."
347,The Cataphract,鐵甲騎兵,Ward is automatically activated in battle and recovers each turn.,戰鬥時護盾會自動開啟，且每回合恢復數值。
348,The Tamer,馴獸師,Your follower is stronger and may attack more often.,你的跟隨者會更強大，並且會更頻繁地發動攻擊。
349,The Maji,大賢者,Spells cost 50% less mana.,
350,Warrior's Pavane,勇士帕凡舞,"Swiftly attack four times, dealing random damage and potentially blinding or stunning an opponent.","神速的攻擊4次,有可能使對手盲目或暈眩."
351,Mage's Pavane,法師帕凡舞,Deals random non-elemental damage with the potential to cause negative status effects.,造成無屬性法術傷害並有機會造成對手負面狀態異常.
352,Sonata of Defense,防禦奏鳴曲,Boosts defenses while potentially decreasing an opponent defenses.,提升物理防禦力並有可能降低對手防禦力.
353,Sonata of Magic,魔法奏鳴曲,Boosts magic power while potentially decreasing and opponent magic power.,
354,Sonata of Power,力量奏鳴曲,Boosts attack power while potentially decreasing an opponent attack power.,提升物理攻擊並有機會降低對手的物理攻擊力.
355,Sonata of Resistance,抵抗奏鳴曲,Boosts magic defenses while potentially decreasing an opponent magic defenses.,提升魔法防禦力並有可能降低對手魔法防禦.
356,Anthem of Lyonesse,里昂內斯頌歌,"Potentially boost attack, magic, defense, and resistance while potentially decreasing opponent stats.",
357,Valhallan Strength,瓦爾哈蘭之力,Your attacks may cause blight and may be critical more often. Your follower is also stronger and may attack more often.,你的攻擊有機會使對方陷入枯萎，並且更能產生爆擊。 你的跟隨者也更強大，並且會更頻繁地發動攻擊。
358,Shoulders of Giants,巨人的肩膀,Your Ward is strengthened by the might of giants. Ward is automatically activated in battle and recovers each turn.,巨人的力量強化了你的護盾。你的護盾會在戰鬥時自動開啟，並且每回合恢復數值。
359,Torchstrike,火炬之擊,"Attack with a torch, dealing light fire damage.",用火炬攻擊造成輕微的火炎傷害.
360,Tree Trunk,樹幹擊,"Attack with a tree trunk, dealing light earthen damage.",使用樹幹攻擊造成輕微的土系傷害.
361,Alpha Dart,阿爾法飛鏢,Throw a dart with the chance to stun or burn an opponent (25% chance per effect).,
362,Beta Dart,貝他飛鏢,Throw a dart with the chance to blind an opponent or cause them to fall asleep (25% chance per effect).,
363,Gamma Dart,伽瑪飛鏢,Throw a dart with the chance to poison or freeze an opponent (25% chance per effect).,
364,Beastslayer II,野獸殺手 II,Loose a debilitating dart to conquer a beast. Deals great damage to beasts of the wild.,投出必殺的飛鏢來解決野獸.對野獸造成巨大的傷害.
365,Crest of Lyonesse,里昂內斯的紋章,Your stats increase as you defeat berserk or arisen enemies.,你的屬性數值會因你擊敗狂暴或是重生的敵人而提高。
366,Miasma,瘴氣,Summon a putrid miasma. May cause poison and blight.,召喚腐敗的瘴氣。可能會造成中毒或是枯萎狀態。
367,Rebirth,再生術,Heals 1000 health and removes status debuffs.,
368,Ravage,崩毀,A multi-round attack,
369,Miasma II,瘴氣 II,"Summon a putrid miasma. May cause poison, toxic, rot and paralysis.",
370,Starscreen,星幕,"Multi-hitting magical ultimate. Lowers your defenses, blinds, burns and curses.",
371,Ward of Ortanite,歐坦尼護盾,Recovers and grants Ward for 7 turns and increases damage absorption to 85%.,恢復並獲得7回合的護盾次數，並提高傷害吸收比例至85%。
372,Flame VI,火焰術 VI,Deals massive fire damage.,造成大量的火系傷害。
373,Multi-flame II,多重火焰 II,Deals greater fire magic thrice.,
374,Frost VI,冰凍術 VI,Deals massive ice damage.,造成大量的冰系傷害。
375,Multi-frost II,多重寒霜 II,Deals greater ice magic thrice.,
376,Spark VI,星火術 VI,Deals massive lightning damage.,造成大量的電系傷害。
377,Tremor VI,地顫術 VI,Deals massive earthen damage.,造成大量的土系傷害。
378,Wallop,猛擊,Pumpkinhead used Wallop!,
379,Pumpkin Smash,南瓜衝擊,Pumpkinhead's head is flying towards you! -- Pumpkinhead used Pumpkin Smash!,
380,Knight's Ward,騎士之護,Ward is automatically activated in battle.,護盾技能在戰鬥時會自動開啟。
381,Valhallan Way,瓦爾哈蘭之路,Your follower is slightly stronger and may attack more often.,你的跟隨者會更強大一些，並且會更頻繁地發動攻擊。
382,Mana Saver,魔力節能,Spells cost 5% less mana.,
383,Centurion's Ward,百夫長之護,Ward is automatically activated in battle and slightly recovers each turn.,護盾技能在戰鬥時會自動開啟，且每回合少量的恢復。
384,Mana Rush,魔力之潮,You may channel mana to escape falling in battle.,在戰鬥中被擊倒時你有機會引入魔法值來逃脫。
385,No Affinity,移除附掛,Removes imbuement on your weapon.,將武器附加的屬性拔除。
386,Guarding Strikes II,守護連擊 II,"Attack twice from a guarding position, giving Ward for 2 turns.",邊防禦邊攻擊兩次，補充兩回合護盾。
387,Ward of Light II,光明護盾 II,"Deals holy damage, recovers Ward, and recovers a percentage of damage dealt. An opponent may also be blinded from the light. (Recovers 15% of Ward and 25% of Damage Dealt)",
388,Inferno Facade,煉獄假象,Grants Ward and temporary immunity to the power of fire. Requires 2 turns in battle. (Grants 2 ward turns.),
389,Tidal Facade,潮汐假象,Grants Ward and temporary immunity to the power of water & ice. Requires 2 turns in battle. (Grants 2 ward turns.),
390,Terra Facade,大地假象,Grants Ward and temporary immunity to the power of earth. Requires 2 turns in battle. (Grants 2 ward turns.),
391,Storm Facade,風暴假象,Grants Ward and temporary immunity to the power of lightning. Requires 2 turns in battle. (Grants 2 ward turns.),
392,Holy Facade,神聖假象,Grants Ward and temporary immunity to holy power. Requires 2 turns in battle. (Grants 3 ward turns.),
393,Dark Facade,黑暗假象,Grants Ward and temporary immunity to dark power. Requires 2 turns in battle. (Grants 3 ward turns.),
394,Divine Bastion II,絕對壁壘 II,Recovers and grants Ward for 8 turns and increases damage absorption to 100%. Requires 3 turns of battle. (Recovers 85% of total ward.),
395,Shoulders of Giants II,巨人的肩膀 II,Your Ward is strengthened by the might of giants. Ward is automatically activated in battle and recovers each turn.,巨人的力量強化了你的護盾。你的護盾會在戰鬥時自動開啟，並且每回合恢復數值。
396,Frostfire,冰火二重天,Deals mixed fire and ice damage and deals extra damage to those weak against either element.,混有火屬及冰屬兩種元素的傷害，會對其中一種元素弱點的對手造成額外傷害。
397,Heat Lightning,熱閃,Deals mixed fire and lightning damage and deals extra damage to those weak against either element.,混有火屬及雷屬兩種元素的傷害，會對其中一種元素弱點的對手造成額外傷害。
398,Iced Earth,冰結大地,Deals mixed ice and earthen damage and deals extra damage to those weak against either element.,混有冰屬及地屬兩種元素的傷害，會對其中一種元素弱點的對手造成額外傷害。
399,Quakestorm,顫慄風暴,Deals mixed lightning and earthen damage and deals extra damage to those weak against either element.,混有雷屬及地屬兩種元素的傷害，會對其中一種元素弱點的對手造成額外傷害。
400,Ice Storm,冰風暴,Deals mixed ice and lightning damage and deals extra damage to those weak against either element.,混有冰屬及雷屬兩種元素的傷害，會對其中一種元素弱點的對手造成額外傷害。
401,Scorched Earth,焦土術,Deals mixed earthen and fire damage and deals extra damage to those weak against either element.,混有地屬及火屬兩種元素的傷害，會對其中一種元素弱點的對手造成額外傷害。
402,Arcanus II,大秘儀術 II,"Unstable magic that can deal massive arcane damage, but may damage its caster.",不穩定的魔法，可以造成巨量的奧術傷害，但可能會傷害其施法者。
403,Multi-tremor II,多重地顫術 II,Deals greater earthen magic thrice.,
404,Frostfire II,冰火二重天 II,Deals mixed fire and ice damage and deals extra damage to those weak against either element.,混有火屬及冰屬兩種元素的傷害，會對其中一種元素弱點的對手造成額外傷害。
405,Heat Lightning II,熱閃 II,Deals mixed fire and lightning damage and deals extra damage to those weak against either element.,混有火屬及雷屬兩種元素的傷害，會對其中一種元素弱點的對手造成額外傷害。
406,Iced Earth II,冰結大地 II,Deals mixed ice and earthen damage and deals extra damage to those weak against either element.,混有冰屬及地屬兩種元素的傷害，會對其中一種元素弱點的對手造成額外傷害。
407,Quakestorm II,顫慄風暴 II,Deals mixed lightning and earthen damage and deals extra damage to those weak against either element.,混有雷屬及地屬兩種元素的傷害，會對其中一種元素弱點的對手造成額外傷害。
408,Ice Storm II,冰風暴 II,Deals mixed ice and lightning damage and deals extra damage to those weak against either element.,混有冰屬及雷屬兩種元素的傷害，會對其中一種元素弱點的對手造成額外傷害。
409,Scorched Earth II,焦土術 II,Deals mixed earthen and fire damage and deals extra damage to those weak against either element.,混有地屬及火屬兩種元素的傷害，會對其中一種元素弱點的對手造成額外傷害。
410,Omnimancy,元素融合,"You are one with the elements. Occasionally, you will be immune to damage of any basic element.",你與元素合而為一。 你將隨機對任一基本元素的傷害產生免疫。
411,Elementless,元素解除,Removes elemental effects from your weapon.,將武器上的元素效果移除。
412,Osmostrikes,滲透連擊,"Swiftly attack thrice, dealing up to triple damage and healing yourself in the process.",快速攻擊三次，最高造成三倍傷害，還可在攻擊中恢復生命值。
413,Omnistrikes,融合連擊,Swiftly attack thrice with the chance of weakening your opponent's attack or defenses.,快速攻擊三次，有機會降低對手的物防。
414,Quadcut II,四連擊 II,"Swiftly attack four times, dealing up to quadruple damage.",快速攻擊四次，最多造成四倍的傷害。
415,Swordplay III,劍擊 III,"Attack multiple times, changing the course of the battle. It may cause multiple buffs and debuffs.",連續攻擊數次，扭轉戰局。 它可能會造成多種增益和減益狀態。
416,Ward of Balor,巴羅爾的護盾,Grants Ward for 5 turns and may give elemental resistances.,增加五回合的護盾，並有機率給予元素抗性。
417,Dungeon Crawler,地城行者,Your stats increase as you defeat monsters in dungeons.,當你在地城擊敗魔物，可提升屬性加成。
418,Saboteur,破壞王,Your attacks deal extra damage to opponent Ward and may decrease their defenses.,你的攻擊對對手的護盾造成額外的傷害，並降低他們的防禦力。
419,Beaststrike,獸之猛擊,Attack with the might of beasts. Total damage is determined by both your attack and magic stats.,造成龍屬性物理傷害，傷害量同時計入物攻及魔攻。
420,Lusus Naturae,災禍之力,Deal magic damage with the might of beasts and acquire Ward for 1 turn. Total damage is determined by both your attack and magic stats.,造成大量龍屬性物理傷害，傷害量同時計入物攻及魔攻，並啟動護盾一回合。
421,Beaststrike II,獸之猛擊 II,Attack with the might of beasts and acquire Ward for 1 turn. Total damage is determined by both your attack and magic stats.,造成龍屬性物理傷害，補充一回合護盾，傷害量同時計入物攻及魔攻。
422,Lusus Naturae II,災禍之力 II,Deal magic damage with the might of beasts and acquire Ward for 1 turn. Total damage is determined by both your attack and magic stats.,造成大量龍屬性物理傷害，傷害量同時計入物攻及魔攻，並啟動護盾一回合。
423,Beaststrike III,獸之猛擊 III,"Attack with the might of beasts, with a greater chance of dealing critical damage. Total damage is determined by both your attack and magic stats.",造成龍屬性物理傷害，具有一定暴擊率，傷害量同時計入物攻及魔攻。
424,Hybrid Monster,混血魔物,"You are one with great dragons. Your attack stat slightly increases your magic, while magic increases attack.",你是巨龍的一員。 物攻屬性會稍微增加你的魔攻，且魔攻會增加物攻。
425,Emberseal,敗者成塵,Deals massive fire damage and absorbs a small amount of HP from damage dealt. Grants Ward for one turn.,造成巨量火屬傷害，並吸收少量生命值且補充護盾一回合。
426,Emberstrike,灰燼之擊,Deals massive fire damage and absorbs a small amount of HP from damage dealt. Grants Ward for one turn.,造成巨量火屬傷害，並吸收少量生命值且補充護盾一回合。
427,Inferno III,煉獄術 III,"Unstable magic that can deal massive fire damage, but may damage or burn its caster.",不穩定的魔法，可以造成巨量的火系傷害，但可能會傷害其施法者。
428,Emberseal II,敗者成塵 II,Deals massive fire damage and absorbs a small amount of HP from damage dealt. Grants Ward for 2 turns.,造成巨量火屬傷害，並吸收少量生命值且補充護盾兩回合。
429,Emberstrike II,灰燼之擊 II,Deals massive fire damage and absorbs a small amount of HP from damage dealt. Grants Ward for 2 turns.,造成巨量火屬傷害，並吸收少量生命值且補充護盾兩回合。
430,Deific Channel,引入神力,"Channel the true power of Gods, temporarily greatly increasing all stats and generated Ward for 2 turns. Requires 3 turns in battle.",
431,Terraseal,自然之印,Deals massive earthen damage and absorbs a small amount of HP from damage dealt. Grants Ward for one turn.,造成巨量地屬傷害，並吸收少量生命值且補充護盾一回合。
432,Terrastrike,自然之擊,Deals massive earthen damage and absorbs a small amount of HP from damage dealt. Grants Ward for one turn.,造成巨量地屬傷害，並吸收少量生命值且補充護盾一回合。
433,Cataclysm III,災變術 III,"Unstable magic that can deal massive earthen damage, but may damage or cause its caster to rot. Requires 3 turns in battle.",不穩定的魔法，可以造成巨量的土系傷害，但可能會傷害或是使其施法者獲得負面的腐爛狀態。在戰鬥中需要3回合才能發動。
434,Terraseal II,自然之印 II,Deals massive earthen damage and absorbs a small amount of HP from damage dealt. Grants Ward for 2 turns.,造成巨量地屬傷害，並吸收少量生命值且補充護盾兩回合。
435,Terrastrike II,自然之擊 II,Deals massive earthen damage and absorbs a small amount of HP from damage dealt. Grants Ward for 2 turns.,造成巨量地屬傷害，並吸收少量生命值且補充護盾兩回合。
436,Power of the Gods II,眾神之力 II,Your stats greatly increase as you hunt and defeat bosses in the world.,你的屬性數值將隨著你擊倒這個世界頭目們而大大的增加。
437,Shields Up,舉盾,Ward is automatically activated in battle.,護盾技能在戰鬥時會自動開啟。
438,Galeseal,風暴之印,Deals massive storm damage and absorbs a small amount of HP from damage dealt. Grants Ward for one turn.,造成巨量風屬傷害，並吸收少量生命值且補充護盾一回合。
439,Galestrike,風暴之擊,Deals massive storm damage and absorbs a small amount of HP from damage dealt. Grants Ward for one turn.,造成巨量風屬傷害，並吸收少量生命值且補充護盾一回合。
440,Fulmination III,雷鳴術 III,"Unstable magic that can deal massive lightning damage, but may damage or paralyze its caster.",不穩定的魔法，可以造成巨量的電系傷害，但可能會傷害或是使其施法者獲得麻痺的負面狀態。
441,Galeseal II,風暴之印 II,Deals massive storm damage and absorbs a small amount of HP from damage dealt. Grants Ward for 2 turns.,造成巨量風屬傷害，並吸收少量生命值且補充護盾兩回合。
442,Galestrike II,風暴之擊 II,Deals massive storm damage and absorbs a small amount of HP from damage dealt. Grants Ward for 2 turns.,造成巨量風屬傷害，並吸收少量生命值且補充護盾兩回合。
443,Assassinate,暗殺,Your attacks deal extra damage to an opponent's Ward and have the chance to temporarily destroy enemy defenses or cause them to bleed.,你的攻擊對對方的護盾值造成更多的傷害，有機會暫時降低敵人的防禦力，並使他們流血。
444,The Warden,守望者,You have a 25% stat bonus when defending territories.,
445,Arrowstorm II,箭雨 II,Bombard your opponent with many arrows.,用很多的弓箭轟炸對手.
446,Full Bend II,全力猛擊 II,"Loose an arrow with great might, either missing or dealing triple damage while breaking an opponent's defenses.","用盡全力暴射的弓箭,不是沒中就是造成三倍傷害並破壞對手的防禦力."
447,The Merchant,商人,"You gather less experience from combat, but may find more gold or items.",你從戰鬥中獲得的經驗值減少，但會得較多的金幣以及物品。
448,Tidalstrike,海嘯之擊,Deals massive ice damage and absorbs a small amount of HP from damage dealt.  Grants Ward for one turn.,
449,Tidalstrike II,海嘯之擊 II,Deals massive ice damage and absorbs a small amount of HP from damage dealt.  Grants Ward for 2 turns.,
450,Tidalseal,終焉海嘯,Deals massive ice damage and absorbs a small amount of HP from damage dealt.  Grants Ward for one turn.,
451,Tidalseal II,終焉海嘯 II,Deals massive ice damage and absorbs a small amount of HP from damage dealt.  Grants Ward for 2 turns.,
452,Glacier III,冰河術 III,"Unstable magic that can deal massive ice damage, buy may damage or freeze its caster.",
453,Valhallan Strength II,瓦爾哈蘭之力 II,Your attacks may cause blight and may be critical more often. Your follower is also stronger and may attack more often.,你的攻擊有機會使對方陷入枯萎，並且更能產生爆擊。 你的跟隨者也更強大，並且會更頻繁地發動攻擊。
454,Steadfast II,堅定不移 II,You are less likely to be afflicted with a status condition.,你較不容易受到異常狀態的影響。
455,Siphon Ward,護盾回收,Mana is regenerated as Ward damage is taken.,消耗的護盾值會轉而回復魔力值。
456,Siphon Ward II,護盾回收 II,Mana is regenerated as Ward damage is taken.,消耗的護盾值會轉而回復魔力值。
457,Lunge II,突刺 II,"Run at your enemy with your weapon extended, dealing extra damage and a 25% critical chance.",
458,Lunge III,突刺 III,"Run at your opponent with your weapon extended, dealing extra damage and a 25% critical chance.",
459,Guts,放膽一搏,"Attack your opponent with blind courage, either missing or dealing critical damage.",以盲目的勇氣攻擊對手，不是失誤就是爆擊。
460,The Swashbuckler,俠客,Your attack grows when equipped with less defense.,你的物理防禦力越低，則物理攻擊力越高。
461,Dispel II,痊癒 II,Description pending.,
462,Miasma III,瘴氣 III,Description pending.,
463,Unstable Channel,引入未知力,"Yeah we dont know, it buffs t.? ^^^",
464,Curse,詛咒,Causes curse,
465,Great Plague,瘟疫浩劫,This skill will ruin your day.,
466,Fey Spark,變異星火術,Deals ligthing damage with a chance to deal critical damage.,
467,Fey Flame,變異火焰術,Deals fire damage with a chance to deal critical damage.,造成火焰傷害，有機率造成暴擊。
468,Fey Flame III,變異火焰術 III,Deals heavy fire damage with a chance to deal critical damage.,造成嚴重的火系傷害，有機率造成暴擊。
469,Fey Frost III,變異冰凍術 III,Deals heavy ice damage with a chance to deal critical damage.,造成嚴重的冰系傷害，有機率造成暴擊。
470,Fey Spark III,變異星火術 III,Deals heavy lightning damage with a chance to deal critical damage.,造成嚴重的電系傷害，有機率造成暴擊。
471,Fey Tremor III,變異地顫術 III,Deals heavy earthen damage with a chance to deal critical damage.,造成嚴重的土系傷害，有機率造成暴擊。
472,Fey Flame IV,變異火焰術 IV,Deals heavy fire damage with a chance to deal critical damage.,造成嚴重的火系傷害，有機率造成暴擊。
473,Fey Frost IV,變異冰凍術 IV,Deals heavy ice damage with a chance to deal critical damage.,造成嚴重的冰系傷害，有機率造成暴擊。
474,Fey Spark IV,變異星火術 IV,Deals heavy lightning damage with a chance to deal critical damage.,造成嚴重的電系傷害，有機率造成暴擊。
475,Fey Tremor IV,變異地顫術 IV,Deals heavy earthen damage with a chance to deal critical damage.,造成嚴重的土系傷害，有機率造成暴擊。
476,Fey Flame V,變異火焰術 V,Deals massive fire damage with a chance to deal critical damage.,造成巨量的火系傷害，有機率造成暴擊。
477,Fey Frost V,變異冰凍術 V,Deals massive ice damage with a chance to deal critical damage.,造成巨量的冰系傷害，有機率造成暴擊。
478,Fey Spark V,變異星火術 V,Deals massive lightning damage with a chance to deal critical damage.,造成巨量的雷系傷害，有機率造成暴擊。
479,Fey Tremor V,變異地顫術 V,Deals massive earthen damage with a chance to deal critical damage.,造成巨量的地屬傷害，有機率造成暴擊。
480,Multi-flame III,多重火焰 III,Deals greater fire damage thrice.,造成三次較大的火系傷害。
481,Multi-frost III,多重寒霜 III,Deals greater ice damage thrice.,造成三次較大的水系傷害。
482,Multi-spark III,多重星火術 III,Deals greater lightning damage thrice.,造成三次較大的電系傷害。
483,Multi-tremor III,多重地顫術 III,Deals greater earthen damage thrice.,造成三次較大的土系傷害。
484,Fey Inferno,變異煉獄術,"Unstable magic that can deal massive fire damage with a good chance to deal critical damage, but may damage or burn its caster. Requires 3 turns in battle.",不穩定的魔法，可以造成巨量的火系傷害，並有不錯的機率產生爆擊，但可能會傷害或是使其施法者獲得負面的燃燒狀態。在戰鬥中需要3回合才能發動。
485,Fey Glacier,變異冰河術,"Unstable magic that can deal massive ice damage with a good chance to deal critical damage, but may damage or freeze its caster. Requires 3 turns in battle.",不穩定的魔法，可以造成巨量的冰系傷害，並有不錯的機率產生爆擊，但可能會傷害或是使其施法者獲得負面的冰凍狀態。在戰鬥中需要3回合才能發動。
486,Fey Fulmination,變異雷鳴術,"Unstable magic that can deal massive lightning damage with a good chance to deal critical damage, but may damage or paralyze its caster. Requires 3 turns in battle.",不穩定的魔法，可以造成巨量的電系傷害，並有不錯的機率產生爆擊，但可能會傷害或是使其施法者獲得負面的麻痺狀態。在戰鬥中需要3回合才能發動。
487,Fey Cataclysm,變異災變術,"Unstable magic that can deal massive earthen damage with a good chance to deal critical damage, but may damage or cause its caster to rot. Requires 3 turns in battle.",不穩定的魔法，可以造成巨量的土系傷害，並有不錯的機率產生爆擊，但可能會傷害或是使其施法者獲得負面的腐爛狀態。在戰鬥中需要3回合才能發動。
488,Iconoclast,思想解放,You become more powerful as your mana decreases in battle.,在戰鬥中，隨著魔力值的降低，你將變得更加強大。
489,Omnimancy II,元素融合 II,"You are one with the elements. Occasionally, you will be immune to damage of any element.",你與元素合而為一。 你將隨機對任一元素的傷害產生免疫。
490,The Heretic,異教徒,Spells cost 25% less mana.,
491,Bastille,堡壘術,"You start battle with less Ward, but become more powerful as your Ward is recovered. Ward is automatically activated in battle and recovers each turn.",你在戰鬥開始時的護盾值較低，但是隨著護盾值的恢復而變得更加強大。護盾在戰鬥時自動開啟並每回合恢復數值。
492,Guardian,鎮守者,You have a 10% stat boost when defending territories.,
493,Sortie,突擊,"Atack from the shadows, possibly dealing critical damage and giving Ward for 1 turn.",
494,Magic Sword IV,魔力之刃IV,Attack with a sharp sword made of magic which may lower an opponent's magic defense. Damage is based off one's magic stat rather than attack.,
495,Realm Strikes,域界連擊,Swiftly attack four times with a good chance to either miss or land a critical strike.,"神速的連續攻擊4次,有高機率揮空或暴擊."
496,Osmostrikes II,滲透連擊 II,"Swiftly attack thrice, dealing up to triple damage and healing yourself in the process.",快速攻擊三次，最高造成三倍傷害，還可在攻擊中恢復生命值。
497,Magic Hammer IV,魔法錘 IV,Attack with a blunt hammer made of magic which may lower an opponent's defense. Damage is based on one's magic stat rather than attack.,用魔法製成的鈍錘攻擊，可能會降低對手的物理防禦力。 傷害量是基於魔法攻擊屬性而不是物理攻擊屬性。
498,Omnistrikes II,融合連擊 II,Swiftly attack thrice with the changce of weakening your opponent's attack or defenses.,
499,Evasive Strikes,迴避突擊,"Attack twice and reset position, gaining additional critical chance.",
500,Magic Dagger IV,魔法匕首 IV,Attack with a sharp dagger made of magic which may cause an opponent to bleed. Damage is based on one's magic stat rather than attack.,用鋒利的魔法匕首攻擊，可能會導致對手流血。 傷害量是基於魔法攻擊屬性而不是物理攻擊屬性。
501,Realmshift,域界易形,Leave and reenter this realm. Your stats may be wildly different upon reentry.,離開並重新進入域界.你的身體素質在重新進入後會有很多改變.
502,Magic Arrow IV,魔法弓 IV,Attack with a steady arrow made of magic which may lower an opponent's attack. Damage is based on one's magic stat rather than attack.,用穩定的魔法箭來攻擊，這可能會降低對手的物理攻擊力。 傷害量是基於魔法攻擊屬性而不是物理攻擊屬性。
503,Bloodshift,鮮血轉移,"Has the potential to temporarily boost many stats, but incur temporary damage over time.","有機率短暫提升各種身體素質,但隨著時間消逝會自損生命."
504,Magic Strikes IV,魔法連擊 IV,"Swiftly attack thrice, dealing up to triple damage. Damage is based on one's magic stat rather than attack.",迅速攻擊三次，最多造成三倍傷害。傷害量是基於魔法攻擊屬性而不是物理攻擊屬性。
505,Resurgence,臨界復甦,You become more powerful as your HP decreases in battle.,在戰鬥中，隨著生命值的降低，你將變得更加強大。
506,Recharge II,充能 II,Landing a critical hit will restore 10% - 50% of your HP and mana.,
507,Apothecarist III,藥劑師 III,You are a master of potion efficacy.  Healing items will recover 100% more HP and mana.,
508,Realm's Light,域界之光,"You can see in the dark with perfect clarity, never needing the use of a torch or lantern.  Additionally, your attacks may take away an opponent's sight.",
509,Viperseal,龍息之印,Deals massive dragon damage and absorbs a small amount of HP from damage dealt.  Grants Ward for one turn.,
510,Guarding Strikes III,守護連擊 III,"Attack twice from a guarding position, giving Ward for 3 turns.",在防守的姿勢下，攻擊對手2次，並給予3次的護盾。
511,Spiked Shield,荊棘盾擊,"Attack with a barbed shield, converting 15% of your available Ward to raw damage.",
512,Viperstrike,龍息之擊,Deals massive dragon damage and absorbs a small amount of HP from damage dealt.  Grants Ward for one turn.,
513,Sacreseal,神聖之印,Deals massive holy damage and absorbs a small amount of HP from damage dealt.  Grants Ward for one turn.,
514,Sacrestrike,神聖之擊,Deals massive holy damage and absorbs a small amount of HP from damage dealt.  Grants Ward for one turn.,
515,Gloomseal,黯無之印,Deals massive dark damage and absorbs a small amount of HP from damage dealt.  Grants Ward for one turn.,
516,Gloomstrike,黯無之擊,Deals massive dark damage and absorbs a small amount of HP from damage dealt.  Grants Ward for one turn.,
517,Diffuse Ward,佈防,Convert 30% of your available Ward to HP and mana. Requires 2 turns in battle.,
518,Lostseal,遺落之印,Deals massive arcane damage and absorbs a small amount of HP from damage dealt.  Grants Ward for one turn.,
519,Loststrike,遺落之擊,Deals arcane damage and absorbs a small amount of HP from damage dealt.  Grants Ward for one turn.,
520,Ward of Balor II,巴羅爾護盾 II,Grants Ward for 6 turns and may give elemental resistances.,增加六回合護盾，並有機率給予元素抗性。
521,Viperseal II,龍息之印 II,Deals massive dragon damage and absorbs a small amount of HP from damage dealt.  Grants Ward for two turns.,
522,Viperstrike II,龍息之擊 II,Deals massive dragon damage and absorbs a small amount of HP from damage dealt.  Grants Ward for two turns.,
523,Sacreseal II,神聖之印 II,Deals massive holy damage and absorbs a small amount of HP from damage dealt.  Grants Ward for two turns.,
524,Sacrestrike II,神聖之擊,Deals massive holy damage and absorbs a small amount of HP from damage dealt.  Grants Ward for two turns.,
525,Gloomseal II,黯無之印 II,Deals massive dark damage and absorbs a small amount of HP from damage dealt.  Grants Ward for two turns.,
526,Gloomstrike II,黯無之擊 II,Deals massive dark damage and absorbs a small amount of HP from damage dealt.  Grants Ward for two turns.,
527,Lostseal II,遺落之印 II,Deals massive arcane damage and absorbs a small amount of HP from damage dealt.  Grants Ward for two turns.,
528,Loststrike II,遺落之擊 II,Deals massive arcane damage and absorbs a small amount of HP from damage dealt.  Grants Ward for two turns.,
529,Spiked Shield II,荊棘盾擊 II,"Attack with a barbed shield, converting 20% of your available ward to raw damage",
530,Ultima,究極魔法,"Deal mixed damage of all elements, deals extra damage to those weak against any element.  Requires 2 turns in battle.",
531,Ultima II,究極魔法 II,"Deal mixed damage of all elements, deals extra damage to those weak against any element.  Requires 3 turns in battle.",
532,Diffuse Ward II,佈防 II,Convert 50% of your available Ward to HP and mana. Requires 2 turns in battle.,
533,Demigod,半神型態,You become more powerful as your HP and mana decrease in battle.,在戰鬥中，隨著生命值與魔力值的降低，你將變得更加強大。
534,Unstable Omnimancy,不穩定的元素融合,"You have abanadoned the traditions of the elements.  For every turn in battle, you may be resistant, weak, or immune to some elements.",
535,Diffuse Ward III,佈防 III,Convert all of your available ward to HP and mana. Requires 4 turns in battle.,
536,Spiked Shield III,荊棘盾擊 III,"Attack with a barbed shield, converting 30% of your available ward to raw damage",
537,Verse,龍韻,Deals moderate non-elemental damage with the potential to hinder an opponent's defenses.  Total damage is determined by both your attack and magic stats.,
538,Beaststrikes,猛獸連擊,"Swiftly attack thrice with the might of beasts, with a greater chance of dealing critical damage.  Total damage is determined by both your attack and magic stats.",
539,Gait of Kára,卡拉態勢,A battle stance favored by a Valkyrie of Life.  Taking this stance in battle will further increase your physical defenses at the expense of magic power and resistance.,
540,Gait of Eir,埃爾態勢,A battle stance favored by a Valkyrie of Life.  Take this stance in battle will further increase your magical resistance at the expense of physical power and defenses.,
541,Verse II,龍韻 II,Deals great non-elemental damage with the potential to hinder an opponent's defenses.  Total damage is determined by both your attack and magic stats.,
542,Gait of Gunnr,古娜態勢,A battle stance favored by a Valkyrie of War.  Take this stance in battle will further increase your attack power at the expense of magical power and resistance.,
543,Gait of Snotra,斯洛特拉態勢,A battle stance favored by a Valkyrie of Wisdom.  Take this stance in battle will further increase your magic power at the expense of physical power and defenses.,
544,Verse III,龍韻 III,Deals great non-elemental damage with the potential to hinder an opponent's defenses.  Total damage is determined by both your attack and magic stats.,
545,Valhallan Dissonance,瓦爾哈蘭的矛盾,"Your follower is slightly stronger and may attack more often, it will also become more powerful as your HP decreases in battle.",你的跟隨者會更強大一些，並且會更頻繁地發動攻擊。在戰鬥中，牠將因你的生命值降低而變得更有威力。
546,Hybrid Monster II,混血魔物II,"You are one with great dragons.  Your attack stat slightly increases your magic, while magic increases attack.",
547,Magic Sword II,魔法劍 II,Attack with a sharp sword made of magic which may lower an opponent's magic defense. Damage is based off one's magic stat rather than attack.,
548,Magic Hammer II,魔法錘 II,Attack with a blunt hammer made of magic which may lower an opponent's defense. Damage is based on one's magic stat rather than attack.,用魔法製成的鈍錘攻擊，可能會降低對手的物理防禦力。 傷害量是基於魔法攻擊屬性而不是物理攻擊屬性。
549,Magic Strikes II,魔法連擊 II,"Swiftly attack thrice, dealing up to triple damage. Damage is based on one's magic stat rather than attack.",迅速攻擊三次，最多造成三倍傷害。傷害量是基於魔法攻擊屬性而不是物理攻擊屬性。
550,Magic Dagger II,魔法匕首 II,Attack with a sharp dagger made of magic which may cause an opponent to bleed. Damage is based on one's magic stat rather than attack.,用鋒利的魔法匕首攻擊，可能會導致對手流血。 傷害量是基於魔法攻擊屬性而不是物理攻擊屬性。
551,Magic Arrow II,魔法箭 II,Attack with a steady arrow made of magic which may lower an opponent's attack. Damage is based on one's magic stat rather than attack.,用穩定的魔法箭來攻擊，這可能會降低對手的物理攻擊力。 傷害量是基於魔法攻擊屬性而不是物理攻擊屬性。
552,Magic Sword III,魔法劍 III,Attack with a sharp sword made of magic which may lower an opponent's magic defense. Damage is based off one's magic stat rather than attack.,
553,Magic Hammer III,魔法錘 III,Attack with a blunt hammer made of magic which may lower an opponent's defense. Damage is based on one's magic stat rather than attack.,用魔法製成的鈍錘攻擊，可能會降低對手的物理防禦力。 傷害量是基於魔法攻擊屬性而不是物理攻擊屬性。
554,Magic Dagger III,魔法匕首 III,Attack with a sharp dagger made of magic which may cause an opponent to bleed. Damage is based on one's magic stat rather than attack.,用鋒利的魔法匕首攻擊，可能會導致對手流血。 傷害量是基於魔法攻擊屬性而不是物理攻擊屬性。
555,Magic Arrow III,魔法箭 III,Attack with a steady arrow made of magic which may lower an opponent's attack. Damage is based on one's magic stat rather than attack.,用穩定的魔法箭來攻擊，這可能會降低對手的物理攻擊力。 傷害量是基於魔法攻擊屬性而不是物理攻擊屬性。
556,Magic Strikes III,魔法連擊 III,"Swiftly attack thrice, dealing up to triple damage. Damage is based on one's magic stat rather than attack.",迅速攻擊三次，最多造成三倍傷害。傷害量是基於魔法攻擊屬性而不是物理攻擊屬性。
557,School of Avalon,阿瓦隆學院,Your stats increase as you defeat magical enemies that practice the elements.,你的屬性隨著你擊敗使用元素法術的魔法敵人而增加。
558,Transference III,轉移 III,Deals non-elemental magic damage and recovers Ward. (Recovers 15% Ward),
559,Transference,轉移,Deals non-elemental magic damage and recovers Ward. (Recovers 10% Ward),
560,Transference II,轉移 II,Deals non-elemental magic damage and recovers Ward. (Recovers 15% Ward),
561,Fey Tremor,變異地顫術,Deals earthen damage with a chance to deal critical damage.,造成土系傷害，有機率造成暴擊。
562,Fey Frost,變異冰凍術,Deals ice damage with a chance to deal critical damage.,造成冰系傷害，有機率造成暴擊。
563,Fey Flame II,變異火焰術 II,Deals moderate fire damage with a chance to deal critical damage.,造成中等的火系傷害，有機率造成暴擊。
564,Fey Frost II,變異冰凍術 II,Deals moderate ice damage with a chance to deal critical damage.,造成中等的冰系傷害，有機率造成暴擊。
565,Fey Spark II,變異星火術 II,Deals moderate lightning damage with a chance to deal critical damage.,造成中等的電系傷害，有機率造成暴擊。
566,Fey Tremor II,變異地顫術 II,Deals moderate earthen damage with a chance to deal critical damage.,造成中等的土系傷害，有機率造成暴擊。
567,Flash,閃光彈,"Cast a bright light, blinding an opponent.",發出一道閃光，致盲對手。
568,Trample,踐踏,-,
569,Bind,致盲,-,
570,Great Fireball,大火球,-,
571,World's End,世界終焉,The ultimate attack of the Four Horsemen. Requires 3 turns in battle.,
572,Great Collapse,大雪崩,The ultimate attack of Fey Yeti.,
573,Phoenix's Rise,鳳翼天翔,-,
574,Cursed Glare,詛咒目光,-,
575,Shield Bash,盾擊,"Attack with your shield, converting 10 percent of your available Ward to raw damage.","用盾牌攻擊,將你現有護盾的10%轉換成原始傷害."
576,Great Meditation II,崇高冥想 II,Immensely boosts magic power for a limited time while potentially lowering an opponent's resistance. Requires 3 turns in battle.,
577,Last Breath,奮力求生,Your stats increase when close to falling in battle.,越接近死亡，你的屬性數值越高。
578,Lull II,催眠曲 II,"Your poems and ballads may enamor an opponent, causing them to lull away their turns in battle.",您的詩和歌謠可能會迷住對手，使他們在戰鬥中略過他們的回合。
579,Depletion,魔力耗竭,Your spells deal more damage when mana has nearly diminished.,當法力值幾乎耗近時，你的法術可以造成更多傷害。
580,Lull,催眠曲,"Your poems and ballads may enamor an opponent, causing them to lull away their turns in battle.",您的詩和歌謠可能會迷住對手，使他們在戰鬥中略過他們的回合。
581,Wyvern Speed III,飛龍之速 III,"Move like a dragon, improving dex, attack, and magic power.",化身為巨龍，提升閃避、攻擊、魔法攻擊。
582,Weapon Swap,切換武裝,"When dual wielding, swaps your primary weapon and off-hand. Requires 2 turns in battle.","當雙持武器時,切換你的主武器跟副武.需要兩回合施展."
583,Doublecut / Swap,雙連擊 / 換手,"Swiftly attack twice, then swap your primary weapon and off-hand. Requires 2 turns in battle.",連續攻擊兩次之後切換你的主武器跟副武.需要兩回合施展.
584,Tricut / Swap,三連擊 / 換手,"Swiftly attack thrice, then swap your primary and off-hand. Requires 2 turns in battle.",
585,The Duelist,決鬥者,You are very skilled without a shield. Deal extra damage while dual-wielding weapons.,你在不配戴盾牌的狀況下能純熟的戰鬥。當雙手都持武器時，能造成額外的傷害。
586,The Seeker,探索者,You always know where to go. You have increased view distance.,你總知道該往哪走。你的可視範圍增加。
587,Quickcast,快速詠唱,"When wielding two staves, spells that require multiple turns to cast may require 1 less.","裝備兩個法杖時,需要複數回合詠唱的法術有機會減少一回合."
588,Valhallan Protection,瓦爾哈蘭的祝福,Any follower has the chance to protect you in battle.,你的跟隨者在戰鬥中有機會替你擋下攻擊。
589,Saboteur II,破壞王 II,Your attacks deal extra damage to opponent Ward and may decrease their defenses.,你的攻擊對對手的護盾造成額外的傷害，並降低他們的防禦力。
590,Lusus Naturae III,災禍之力 III,Deal magic damage with the might of beasts and acquire Ward for 1 turn. Total damage is determined by both your attack and magic stats.,造成大量龍屬性物理傷害，傷害量同時計入物攻及魔攻，並啟動護盾一回合。
591,Earth Alignment,地能附體,"Aligns you to the element of Earth. You will be immune to earth, weak to fire and deal 50% increased earthen damage. Permanent until overwritten by other alignments.",
592,Lightning Alignment,雷光附體,"Aligns you to the element of Lightning . You will be immune to lightning, weak to earth and deal 50% increased lightning damage. Permanent until overwritten by other alignments.",
593,Fire Alignment,火焰附體,"Aligns you to the element of Fire. You will be immune to fire, weak to water and deal 50% increased fire damage. Permanent until overwritten by other alignments.",
594,Ice Alignment,寒冰附體,"Aligns you to the element of Water . You will be immune to water, weak to lightning and deal 50% increased water damage. Permanent until overwritten by other alignments.",
595,Wolven Strikes,惡狼連擊,The Ultimate attack of Kerberos. Rapidly strikes 4 times and requires 2 turns in battle.,
596,Decay,衰弱,Causes an opponent to rot.,使對手進入腐敗狀態。
597,Bastion,堡壘,Grants temporary defenses and grants Ward for 3 turns.,暫時提升防禦力並獲得3回合護盾.
598,Mana Burn,魔力燃燒,Converts half of your available mana into damage against an opponent.,將你現有魔力值的一半轉換成對敵人的傷害.
599,Read Scroll,閱卷,Slightly restores mana. (5% of max mana),
600,Volley,齊射,"Deals damage thrice, grants 2 turns of Ward, and may temporarily increase dexterity.","連擊3次,獲得2回合護盾,且有機會暫時提升敏捷."
601,Mana Burn II,魔力燃燒 II,Converts most of your available mana into damage against an opponent. (Burns 70% of your current mana),
602,Parry,擋格,"Wait one turn, then return twice the amount of damage taken while waiting.",
603,Break,破滅魔法,"Temporarily lowers attack, magic, defense, resistance and dexterity. Takes 2 turns in battle.",
604,Defend (Physical),,"The user shifts their stance, greatly increasing their defense.",
605,Defend (Magical),,"The user shifts their stance, greatly increasing their resistance.",
606,Doublecast,雙重詠唱,Spells cast when wielding two staves may be cast twice.,雙手同時裝備法仗時，施放法術可能發動兩次。
607,Coup de Grace II,人道毀滅 II,Perform the perfect strike at the perfect time. This attack never misses but requires 3 turns in battle.,
608,Volley II,齊射 II,"Deal damage thrice, grants 2 turns of Ward, and may temporarily increase dexterity.",
609,Volley III,齊射 III,"Deal damage thrice, grants 3 turns of Ward, and may temporarily increase dexterity.",
610,High Tenacity,根性,Damage taken from some self-inflicted status effects will not fully deplete your HP.,自己造成的異常狀態自損不會把你的生命耗盡。
611,Lay Spikes,利器鋪設,"Lay spikes around your opponent, potentially greatly increasing damage and the chance for a critical strike.",在對手的周遭擺下利器，有機會大幅增加傷害跟爆擊機率。
612,Impale,尖刺酷刑,"Attack with your weapon extended, dealing moderate damage but mitigating damage from your opponent's next attack.",用額外的武器來攻擊，傷害量一般般但能降低對手下次攻擊的傷害。
613,Upward Strike II,豬突猛進 II,"Attack with both hands gripped tightly, dealing paltry to immense damage.  Requires 2 turns in battle.",
614,Bastion III,堡壘 III,Grants temporary defenses and grants Ward for 5 turns.,暫時提升防禦並獲得5回合護盾.
615,Speed III,加速術 III,Temporarily greatly improves one's dexterity.,
616,Ragnarok,諸神黃昏,Cleanses debuffs.,
617,Tree of Demise,絕命之樹,-,
618,Tree of Life,生命之樹,-,
619,Lyon's Mark,里昂的標記,-,
620,Lyon's Execution,里昂的處決,-,
621,Brilliant Lights,輝煌之光,Unstable elementless magic that can blind an opponent while dealing damage thrice.,不穩定的無屬性法術，發動時造成三次傷害，並使對手目盲。
622,Fright,震懾,Frighten an opponent. Stunning it and potentially blinding or lulling it with fear.,震懾對手。讓對方陷入暈眩，並有可能因畏懼而陷入盲目或安份。
623,Wildfire III,野火 III,Deals fire damage to all opponents in battle.,對所有對手造成火屬性傷害。
624,Winter Wind III,冬風 III,Deals ice damage to all opponents in battle.,對所有對手造成冰屬性傷害。
625,Chain Lightning III,連鎖閃電 III,Deals lightning damage to all opponents in battle.,對所有對手造成雷屬性傷害。
626,Natura III,天然魔法 III,Deals earthen damage to all opponents in battle.,對所有對手造成地屬性傷害。
627,Bastion II,堡壘 II,Grants temporary defenses and grants Ward for 4 turns.,暫時提升防禦並獲得4回合護盾.
628,Winter Wind II,冬風 II,Deals ice damage to all opponents in battle.,對所有對手造成冰屬性傷害。
629,Wildfire II,野火 II,Deals fire damage to all opponents in battle.,對所有對手造成火屬性傷害。
630,Chain Lightning II,連鎖閃電 II,Deals lightning damage to all opponents in battle.,對所有對手造成雷屬性傷害。
631,Natura II,天然魔法 II,Deals earthen damage to all opponents in battle.,對所有對手造成地屬性傷害。
632,Wildfire,野火,Deals fire damage to all opponents in battle.,對所有對手造成火屬性傷害。
633,Winter Wind,冬風,Deals ice damage to all opponents in battle.,對所有對手造成冰屬性傷害。
634,Chain Lightning,連鎖閃電,Deals lightning damage to all opponents in battle.,對所有對手造成雷屬性傷害。
635,Natura,天然魔法,Deals earthen damage to all opponents in battle.,對所有對手造成地屬性傷害。
636,Haste,急速,Temporarily increases a party member's foresight.,暫時提升一位隊友的預知能力。
637,Slow,減速,Temporarily decreases the foresight of an opponent.,暫時降低一位對手的預知能力。
638,Lacuna II,時空間隙 II,Deals non-elemental magic damage and may suspend an enemy in time.,造成無屬性傷害並有機會將對手限制在時間之中。
639,Lacunus II,時空斷裂 II,Deals non-elemental magic damage to all enemies and may suspend an enemy in time.,對所有對手造成無屬性傷害並有機會將對手限制在時間之中。
640,Haste+,急速+,Temporarily increases all party member's foresight.,
641,Slow+,減速+,Temporarily decreases the foresight of all opponents.,暫時降低所有對手的預知能力。
642,Lacuna,時空間隙,Deals non-elemental magic damage and may suspend an enemy in time.,造成無屬性傷害並有機會將對手限制在時間之中。
643,Lacunus,時空斷裂,Deals non-elemental magic damage and may suspend an enemy in time.,造成無屬性傷害並有機會將對手限制在時間之中。
644,Ascension Synergy,升天同調,Levels gained via the Altar of Ascension will additionally affect your follower.,通天祭壇所提升的等級也會影響你的寵物。
645,Call of Skadi,斯卡蒂的呼召,Increases the chance of your follower performing an offensive spell. This skill will be most effective when Valhallan classes attempt it.,提升你寵物施放攻擊法術的機率。此技能由瓦爾哈蘭系職業來使用最為有效。
646,Call of Jord,嬌德的呼召,Increases the chance of your follower protecting you. This skill will be more effective when Valhallan classes attempt it.,
647,Call of Brynhild,布倫希爾德的呼召,Increases the chance of your follower performing a buff or debuff. This skill will be most effective when Valhallan classes attempt it.,提升你寵物施放增益或減益技能的機率。此技能由瓦爾哈蘭系職業來使用最為有效。
648,Call of Idun,伊登的呼召,Increases the chance of your follower performing a healing spell. This skill will be most effective when Valhallan classes attempt it.,提升你寵物施放治癒法術的機率。此技能由瓦爾哈蘭系職業來使用最為有效。
649,The Deity,神威,Deific Channel may be automatically cast while in battle.,戰鬥中有機會自動施展引入神力。
650,Refract,鏡反衝,Grants a great chance to return some to all of an opponent's attack damage back at them. Refractions are more successful when magic users attempt them.,有很大機會將部分或全部的對手攻擊反射回對方身上。魔法使用者的成功率會較高。
651,Counterattack,反擊,Grants a chance to return a portion of an opponent's attack back at them. Counterattacks are favourable to win in PvP draws.,
652,Reflect,鏡反射,Grants a chance to return a portion of an opponent's attack back at them. Reflections are more successful when magic users attempt them.,有機會將部分的對手攻擊反射回對方身上。魔法使用者的成功率會較高。
653,Annwn Subterfuge,安溫詭計,"It is easier to apply status effects to your opponents. Additionally, status effects given to your opponent will last longer.",你會更容易造成對手異常狀態。同時你的對手的異常狀態會持續久一點。
654,Counterattack II,反擊II,Grants a great chance to return a portion of an opponent's attack back at them. Counterattacks are favourable to win in PvP draws.,
655,Provoke II,挑釁 II,"When battling with your party, your opponents will be more likely to target you.",團體戰時，更容易成為集火對象。
656,Appease,安撫,"When battling with your party, your opponents will be less likely to target you.",團體戰時，不容易成為集火對象。
657,Appease II,安撫 II,"When battling with your party, your opponents will be less likely to target you.",團體戰時，不容易成為集火對象。
658,Requiem,安魂曲,N/A,